{"cameraMode":{"drawMode":0,"name":"Shaded","section":"Shading Mode"},"sceneLighting":false,"audioPlay":false,"sceneViewState":{"m_AlwaysRefresh":false,"showFog":true,"showSkybox":false,"showFlares":true,"showImageEffects":true,"showParticleSystems":true,"showVisualEffectGraphs":true,"m_FxEnabled":true},"in2DMode":false,"pivot":{"x":0.6135917901992798,"y":2.704519271850586,"z":0.4998147487640381},"rotation":{"x":0.029790246859192849,"y":-0.11668571829795838,"z":0.0035183385480195286,"w":0.9927471280097961},"size":1.178529143333435,"orthographic":true}