{"cameraMode":{"drawMode":0,"name":"Shaded","section":"Shading Mode"},"sceneLighting":false,"audioPlay":false,"sceneViewState":{"m_AlwaysRefresh":false,"showFog":true,"showSkybox":false,"showFlares":true,"showImageEffects":true,"showParticleSystems":true,"showVisualEffectGraphs":true,"m_FxEnabled":true},"in2DMode":false,"pivot":{"x":0.22384893894195558,"y":0.7747613787651062,"z":0.9816746115684509},"rotation":{"x":-0.1611911505460739,"y":0.296066552400589,"z":-0.050762761384248736,"w":-0.9401017427444458},"size":2.3043837547302248,"orthographic":false}