{"cameraMode":{"drawMode":0,"name":"Shaded","section":"Shading Mode"},"sceneLighting":true,"audioPlay":false,"sceneViewState":{"m_AlwaysRefresh":false,"showFog":true,"showSkybox":true,"showFlares":true,"showImageEffects":true,"showParticleSystems":true,"showVisualEffectGraphs":true,"m_FxEnabled":true},"in2DMode":false,"pivot":{"x":133.7848358154297,"y":-59.862213134765628,"z":-115.53042602539063},"rotation":{"x":-0.15731549263000489,"y":-0.2895207107067108,"z":0.04829707369208336,"w":-0.9429421424865723},"size":176.72567749023438,"orthographic":false}