{"cameraMode":{"drawMode":0,"name":"Shaded","section":"Shading Mode"},"sceneLighting":true,"audioPlay":false,"sceneViewState":{"m_AlwaysRefresh":false,"showFog":true,"showSkybox":true,"showFlares":true,"showImageEffects":true,"showParticleSystems":true,"showVisualEffectGraphs":true,"m_FxEnabled":true},"in2DMode":false,"pivot":{"x":-1.0401525497436524,"y":12.851898193359375,"z":-0.8482999801635742},"rotation":{"x":0.20983648300170899,"y":-0.11846150457859039,"z":0.025639083236455919,"w":0.970212459564209},"size":19.697582244873048,"orthographic":true}