{"cameraMode":{"drawMode":0,"name":"Shaded","section":"Shading Mode"},"sceneLighting":true,"audioPlay":false,"sceneViewState":{"m_AlwaysRefresh":false,"showFog":true,"showSkybox":true,"showFlares":true,"showImageEffects":true,"showParticleSystems":true,"showVisualEffectGraphs":true,"m_FxEnabled":true},"in2DMode":false,"pivot":{"x":0.5343568325042725,"y":2.188197612762451,"z":5.652580261230469},"rotation":{"x":0.15586325526237489,"y":-0.040629755705595019,"z":0.00616903230547905,"w":0.9870701432228088},"size":7.8524274826049809,"orthographic":true}