{"cameraMode":{"drawMode":0,"name":"Shaded","section":"Shading Mode"},"sceneLighting":true,"audioPlay":false,"sceneViewState":{"m_AlwaysRefresh":false,"showFog":true,"showSkybox":true,"showFlares":true,"showImageEffects":true,"showParticleSystems":true,"showVisualEffectGraphs":true,"m_FxEnabled":true},"in2DMode":false,"pivot":{"x":0.5343568325042725,"y":2.188197612762451,"z":5.652580261230469},"rotation":{"x":0.16396869719028474,"y":-0.10400524735450745,"z":0.017204497009515764,"w":0.9809594750404358},"size":6.584742069244385,"orthographic":true}