{"cameraMode":{"drawMode":0,"name":"Shaded","section":"Shading Mode"},"sceneLighting":true,"audioPlay":false,"sceneViewState":{"m_AlwaysRefresh":false,"showFog":true,"showSkybox":true,"showFlares":true,"showImageEffects":true,"showParticleSystems":true,"showVisualEffectGraphs":true,"m_FxEnabled":true},"in2DMode":false,"pivot":{"x":-1.1565895080566407,"y":3.152449131011963,"z":0.39087772369384768},"rotation":{"x":0.2072792649269104,"y":0.10396374762058258,"z":-0.022159045562148095,"w":0.972491443157196},"size":8.147960662841797,"orthographic":false}