{"cameraMode":{"drawMode":0,"name":"Shaded","section":"Shading Mode"},"sceneLighting":true,"audioPlay":false,"sceneViewState":{"m_AlwaysRefresh":false,"showFog":true,"showSkybox":true,"showFlares":true,"showImageEffects":true,"showParticleSystems":true,"showVisualEffectGraphs":true,"m_FxEnabled":true},"in2DMode":false,"pivot":{"x":-10.452199935913086,"y":13.717092514038086,"z":6.654862403869629},"rotation":{"x":0.2659732401371002,"y":-0.28247445821762087,"z":0.0818614661693573,"w":0.9180545210838318},"size":16.505361557006837,"orthographic":true}